Priority,Company,Trade,City,Phone,Website,Why first,Outcome,Email,Callback Time,Demo Booked,Notes
1,ProThermal Heating and Cooling,HVAC,Tulsa,918-807-8364,https://www.prothermalhvac.com/,Tulsa-based direct local number and clear HVAC positioning,,,,,
2,Dowd Heat and Air,HVAC,Tulsa,918-437-3721,https://dowdheatandair.com/,Established Tulsa HVAC brand,,,,,
3,True Blue Heating & Cooling,HVAC,Tulsa,918-341-4240,https://www.trueblueac.com/,Strong local fit and home-service friendly brand,,,,,
4,TemperaturePro,HVAC,Tulsa,918-480-8701,https://temperaturepro.com/tulsa-ok/,Likely lead-driven and structured operation,,,,,
5,ASAP Heating & Air Inc,HVAC,Tulsa,918-727-2727,https://asapheatandair.com/,Emergency angle suggests missed-call pain,,,,,
6,Superior Air Services,HVAC,Tulsa,918-357-2248,https://superiorairservices.com/,Local Tulsa service business,,,,,
7,Frost Air Services,HVAC,Tulsa,,https://frostairservices.com/,Local Tulsa company but phone still needs enrichment,,,,,
8,Air Comfort Solutions,HVAC,Tulsa,,https://aircomfortsolutions.net/,Known regional HVAC name,,,,,
9,Brian's Heat and Air,HVAC,Tulsa,918-951-5835,https://briansheatandair.com/,Local Tulsa HVAC company,,,,,
10,All Seasons Heating & Air Conditioning,HVAC,Broken Arrow,918-455-5993,https://tulsahomeservices.com/,Nearby market with strong fit,,,,,
